2,motorized_vehicle,334,362,603,479
15,work_van,115,79,247,154
15,motorized_vehicle,138,28,172,36
15,motorized_vehicle,177,29,201,37
19,motorized_vehicle,658,191,710,231
22,motorized_vehicle,158,13,224,67
43,motorized_vehicle,375,43,431,84
43,work_van,291,22,357,56
43,work_van,314,28,396,66
47,motorized_vehicle,500,54,527,81
47,pedestrian,266,46,283,72
47,motorized_vehicle,418,21,445,41
49,motorized_vehicle,317,77,338,102
50,work_van,616,266,711,402
53,motorized_vehicle,284,57,298,68
53,motorized_vehicle,94,160,201,227
54,motorized_vehicle,3,71,58,122
57,work_van,209,63,315,123
58,motorized_vehicle,222,150,436,225
60,motorized_vehicle,698,272,717,292
63,work_van,379,120,460,178
71,motorized_vehicle,1,45,27,73
73,bicycle,84,376,237,470
79,work_van,212,42,228,49
80,motorized_vehicle,553,2,577,11
80,work_van,136,182,319,290
82,work_van,568,226,668,339
83,motorized_vehicle,267,27,282,40
85,motorized_vehicle,665,292,717,374
86,motorized_vehicle,68,73,100,88
90,work_van,492,152,712,298
118,pedestrian,528,77,542,121
118,bicycle,251,124,288,187
118,pedestrian,508,79,521,120
118,pedestrian,544,185,580,305
118,bicycle,362,137,408,242
119,work_van,111,269,500,479
124,motorized_vehicle,603,310,710,462
124,pedestrian,10,292,40,351
130,motorized_vehicle,224,31,257,54
130,motorized_vehicle,145,51,169,68
130,motorized_vehicle,190,31,232,51
130,work_van,494,101,685,225
131,work_van,242,22,302,45
132,non-motorized_vehicle,165,31,315,116
134,work_van,606,107,631,131
135,motorized_vehicle,38,126,58,150
136,motorized_vehicle,679,253,718,292
136,work_van,75,44,115,71
137,motorized_vehicle,0,59,13,69
138,motorized_vehicle,659,109,713,159
139,motorized_vehicle,324,63,334,75
140,motorized_vehicle,645,357,717,436
143,work_van,256,137,551,271
144,non-motorized_vehicle,0,336,131,479
144,bicycle,462,86,483,122
144,bicycle,439,106,459,154
146,pedestrian,6,391,95,458
146,pedestrian,27,349,111,431
151,motorized_vehicle,295,54,340,87
152,motorized_vehicle,158,92,205,117
153,work_van,142,35,294,117
155,motorized_vehicle,159,405,336,479
159,pedestrian,255,21,272,52
165,non-motorized_vehicle,199,266,514,429
166,non-motorized_vehicle,142,116,486,271
168,motorized_vehicle,13,43,30,61
173,motorized_vehicle,693,145,712,177
184,bicycle,412,0,478,47
184,bicycle,658,179,717,241
184,bicycle,537,65,604,148
196,work_van,256,75,296,134
196,work_van,159,168,222,273
198,motorized_vehicle,1,116,49,154
204,work_van,75,44,120,68
205,motorized_vehicle,0,176,31,231
207,pedestrian,184,201,195,222
207,pedestrian,198,190,216,215
207,pedestrian,161,199,176,224
207,motorized_vehicle,349,153,381,177
208,pedestrian,523,39,545,79
210,motorized_vehicle,1,295,247,477
211,motorized_vehicle,0,244,72,351
211,motorized_vehicle,493,273,709,398
214,work_van,146,202,441,329
217,non-motorized_vehicle,407,77,654,237
219,motorized_vehicle,493,55,522,82
221,pedestrian,27,260,51,310
221,work_van,391,146,424,169
221,motorized_vehicle,429,161,480,205
222,pedestrian,2,405,73,459
222,pedestrian,27,350,108,430
226,motorized_vehicle,517,0,554,23
227,work_van,153,185,235,244
232,pedestrian,98,182,133,220
232,pedestrian,124,179,153,218
237,motorized_vehicle,2,318,51,406
241,motorized_vehicle,0,56,14,75
243,motorized_vehicle,235,30,296,71
243,motorized_vehicle,166,39,222,84
245,motorized_vehicle,0,127,30,147
247,motorized_vehicle,0,189,22,221
250,work_van,87,91,139,142
252,work_van,436,102,460,124
256,motorized_vehicle,1,158,8,189
257,pedestrian,176,194,184,220
257,pedestrian,196,193,205,215
257,motorcycle,188,340,233,418
257,pedestrian,167,194,178,222
261,motorized_vehicle,603,119,625,132
265,bicycle,424,203,524,302
266,work_van,250,83,306,113
267,motorized_vehicle,279,162,641,354
271,motorized_vehicle,32,90,77,111
271,motorized_vehicle,141,53,184,73
272,motorized_vehicle,542,90,561,105
280,motorized_vehicle,274,99,338,149
280,motorized_vehicle,10,42,24,54
282,bicycle,303,81,366,173
282,bicycle,214,112,257,217
284,motorized_vehicle,304,87,342,108
290,pedestrian,573,49,585,75
290,work_van,404,34,523,87
290,bicycle,274,172,314,263
290,pedestrian,437,290,494,369
295,work_van,301,184,491,358
296,pedestrian,467,186,480,232
304,motorized_vehicle,320,67,338,78
304,motorized_vehicle,321,61,339,71
306,motorized_vehicle,36,44,55,56
307,work_van,75,46,115,73
310,motorized_vehicle,3,126,79,178
311,motorized_vehicle,0,66,29,95
315,motorized_vehicle,325,69,338,79
316,non-motorized_vehicle,105,42,224,94
317,motorized_vehicle,6,127,34,151
323,bicycle,145,355,232,437
330,work_van,118,171,320,307
334,motorized_vehicle,0,141,32,168
334,motorized_vehicle,655,181,714,215
337,work_van,142,42,259,90
342,bicycle,214,148,265,248
342,bicycle,273,112,308,179
342,bicycle,338,121,374,204
344,work_van,354,107,573,242
346,motorized_vehicle,691,144,711,177
348,motorized_vehicle,2,62,43,103
351,motorized_vehicle,319,190,338,226
351,motorized_vehicle,325,134,338,165
351,work_van,19,89,100,159
352,motorized_vehicle,630,164,688,225
359,motorcycle,71,161,147,207
361,bicycle,492,47,507,68
361,bicycle,462,79,485,115
361,bicycle,441,111,462,154
363,motorized_vehicle,29,29,47,42
364,motorized_vehicle,594,290,710,377
364,motorized_vehicle,668,241,716,293
364,motorized_vehicle,665,194,710,239
367,motorized_vehicle,20,34,32,42
367,motorized_vehicle,6,37,17,48
367,motorized_vehicle,148,68,196,124
369,pedestrian,35,219,45,238
373,motorized_vehicle,311,107,364,142
374,motorcycle,594,222,620,268
374,motorcycle,505,131,531,168
376,motorized_vehicle,14,145,37,160
380,motorized_vehicle,693,156,714,227
383,motorized_vehicle,415,77,459,117
385,motorized_vehicle,667,234,712,358
389,motorized_vehicle,321,176,339,226
390,motorized_vehicle,0,349,196,479
392,work_van,392,14,530,69
392,bicycle,282,182,321,268
396,motorized_vehicle,1,151,62,219
399,motorized_vehicle,701,158,711,186
399,motorized_vehicle,325,76,366,91
402,motorized_vehicle,465,49,480,58
404,motorized_vehicle,0,94,37,115
406,motorized_vehicle,669,0,715,17
408,motorized_vehicle,573,104,593,120
409,motorized_vehicle,0,65,35,100
438,motorized_vehicle,370,140,448,192
439,motorized_vehicle,0,99,23,151
440,bicycle,488,78,501,103
441,motorcycle,485,124,510,165
443,motorized_vehicle,487,15,510,23
453,motorized_vehicle,689,138,711,173
453,motorized_vehicle,694,117,711,136
461,non-motorized_vehicle,32,32,54,55
469,motorized_vehicle,666,272,719,358
471,motorized_vehicle,25,96,42,109
474,work_van,216,66,249,90
476,bicycle,421,201,518,293
478,work_van,71,153,122,177
479,motorized_vehicle,686,334,715,375
479,work_van,567,157,637,191
486,work_van,544,210,648,330
487,motorized_vehicle,281,110,338,162
489,motorcycle,89,108,114,157
493,motorized_vehicle,18,133,59,157
495,motorized_vehicle,17,142,58,181
498,motorized_vehicle,2,73,24,90
500,non-motorized_vehicle,0,143,19,162
504,pedestrian,655,128,659,144
504,pedestrian,662,127,667,142
506,motorcycle,415,92,434,117
510,motorized_vehicle,691,155,714,203
515,pedestrian,541,74,556,105
515,pedestrian,531,70,541,107
515,bicycle,264,125,308,214
517,motorized_vehicle,111,147,268,227
520,motorized_vehicle,582,52,591,62
520,motorized_vehicle,562,58,575,69
520,motorized_vehicle,557,50,568,59
522,motorized_vehicle,510,75,538,98
522,motorized_vehicle,1,361,86,477
525,motorized_vehicle,672,33,717,63
527,motorized_vehicle,97,464,177,479
528,work_van,76,46,116,69
530,motorized_vehicle,284,36,340,65
531,work_van,11,109,49,156
531,work_van,41,153,100,216
531,work_van,220,143,426,292
531,work_van,42,147,103,223
531,work_van,9,115,50,154
531,motorized_vehicle,415,49,483,74
534,work_van,75,45,112,69
534,motorized_vehicle,0,96,14,120
536,motorized_vehicle,185,85,205,112
538,motorized_vehicle,547,79,574,101
540,motorized_vehicle,147,150,266,213
541,motorized_vehicle,171,35,233,92
543,bicycle,383,127,425,230
545,motorized_vehicle,23,130,57,165
551,work_van,567,166,714,320
552,non-motorized_vehicle,482,126,628,214
553,motorized_vehicle,606,356,712,479
558,motorized_vehicle,576,1,609,7
558,motorized_vehicle,474,0,526,10
558,motorized_vehicle,460,20,472,29
560,motorized_vehicle,622,93,710,124
561,motorized_vehicle,149,456,252,478
561,pedestrian,423,431,506,478
561,pedestrian,494,299,526,345
572,motorized_vehicle,2,70,27,102
573,work_van,273,73,316,101
574,motorized_vehicle,661,243,709,303
574,work_van,74,45,113,70
577,pedestrian,148,78,162,110
582,non-motorized_vehicle,288,244,611,432
584,motorized_vehicle,259,181,382,272
588,motorized_vehicle,53,163,90,182
593,motorized_vehicle,388,46,415,61
595,motorized_vehicle,630,253,717,335
598,motorized_vehicle,691,147,709,177
598,motorized_vehicle,615,112,638,135
602,non-motorized_vehicle,497,75,615,141
613,motorized_vehicle,2,336,165,478
619,motorized_vehicle,0,60,24,87
634,motorized_vehicle,87,432,263,478
636,work_van,185,25,233,39
637,motorized_vehicle,50,126,99,155
637,motorized_vehicle,639,55,661,66
641,motorized_vehicle,286,0,347,13
645,non-motorized_vehicle,0,79,92,162
649,motorized_vehicle,102,0,156,20
651,pedestrian,152,27,176,61
652,motorized_vehicle,396,127,603,288
660,motorized_vehicle,681,86,711,107
663,work_van,388,31,418,58
664,motorized_vehicle,414,58,452,86
673,work_van,118,83,208,149
678,motorized_vehicle,394,2,409,10
681,motorized_vehicle,10,37,44,49
686,non-motorized_vehicle,1,208,93,380
690,work_van,278,77,313,103
690,motorized_vehicle,278,63,304,77
690,motorized_vehicle,638,266,719,358
692,non-motorized_vehicle,0,39,20,98
693,motorized_vehicle,151,66,181,71
693,motorized_vehicle,262,39,269,44
693,motorized_vehicle,247,38,255,44
694,pedestrian,528,55,543,78
697,motorized_vehicle,32,115,42,129
700,motorized_vehicle,219,2,309,33
704,pedestrian,26,355,109,427
704,pedestrian,13,401,96,465
713,motorcycle,447,181,496,233
713,motorized_vehicle,669,234,711,357
721,motorized_vehicle,401,54,434,75
724,motorized_vehicle,639,53,659,68
724,non-motorized_vehicle,257,71,298,86
724,motorized_vehicle,601,47,637,65
729,work_van,241,100,338,162
731,motorized_vehicle,0,106,51,175
738,motorized_vehicle,0,204,97,377
741,work_van,49,56,113,84
741,non-motorized_vehicle,32,64,49,75
742,motorized_vehicle,41,31,62,41
746,motorized_vehicle,403,3,447,19
750,motorized_vehicle,586,0,639,23
752,motorized_vehicle,637,55,658,67
752,motorized_vehicle,684,61,710,82
753,non-motorized_vehicle,90,31,187,100
753,motorized_vehicle,29,27,61,42
759,motorized_vehicle,343,418,615,478
761,pedestrian,151,22,153,29
764,motorized_vehicle,570,62,586,75
765,motorized_vehicle,1,194,56,314
768,work_van,41,154,101,209
768,work_van,15,116,46,153
793,non-motorized_vehicle,681,115,708,143
794,work_van,74,46,113,73
804,motorized_vehicle,272,86,339,140
806,motorcycle,151,140,162,151
809,motorized_vehicle,686,304,717,366
810,motorized_vehicle,424,362,663,478
810,motorized_vehicle,545,40,584,71
810,motorized_vehicle,590,62,623,87
821,motorized_vehicle,620,57,644,80
827,non-motorized_vehicle,71,129,197,236
835,motorized_vehicle,291,87,339,126
836,work_van,237,76,275,118
839,work_van,180,36,360,128
839,motorized_vehicle,2,63,60,117
843,motorized_vehicle,313,34,349,52
849,motorized_vehicle,499,102,534,120
853,motorized_vehicle,580,93,591,103
855,motorized_vehicle,73,74,105,101
859,work_van,691,93,710,109
859,work_van,411,57,487,93
861,motorized_vehicle,1,34,24,47
861,motorized_vehicle,137,2,176,10
862,motorized_vehicle,260,38,362,90
867,motorized_vehicle,2,78,51,111
869,motorized_vehicle,531,97,551,110
871,motorized_vehicle,520,1,561,15
873,work_van,2,277,208,451
879,work_van,76,45,111,70
881,motorized_vehicle,1,60,17,72
884,motorized_vehicle,315,67,336,77
885,motorized_vehicle,566,170,616,192
885,pedestrian,59,417,99,468
885,motorized_vehicle,572,165,632,189
896,motorized_vehicle,632,1,716,14
899,motorized_vehicle,287,39,317,55
900,motorized_vehicle,696,213,710,236
902,motorized_vehicle,280,106,338,166
902,work_van,54,55,116,80
913,motorized_vehicle,0,162,35,188
920,motorcycle,351,98,371,127
924,work_van,462,72,503,98
924,work_van,492,58,521,83
926,motorcycle,424,286,477,389
927,motorized_vehicle,0,95,32,138
929,pedestrian,52,217,61,242
929,work_van,567,155,638,184
929,motorized_vehicle,686,307,716,377
933,motorized_vehicle,532,87,558,107
936,motorized_vehicle,410,89,457,111
939,motorized_vehicle,240,10,252,24
940,motorized_vehicle,379,7,396,17
942,non-motorized_vehicle,334,130,410,159
942,work_van,237,141,262,156
944,motorized_vehicle,480,133,497,146
944,work_van,654,141,708,168
945,motorized_vehicle,675,359,718,475
946,motorized_vehicle,525,0,717,98
950,work_van,351,126,435,162
951,work_van,64,224,303,417
953,work_van,347,116,444,186
954,non-motorized_vehicle,202,264,535,440
958,motorized_vehicle,693,146,710,176
959,motorized_vehicle,673,171,713,197
960,motorized_vehicle,120,92,206,148
968,motorized_vehicle,0,374,91,476
970,work_van,9,44,96,92
973,motorized_vehicle,211,2,300,30
974,motorized_vehicle,0,127,33,150
975,work_van,69,140,219,227
976,motorcycle,249,248,282,297
976,pedestrian,170,199,181,221
976,pedestrian,197,199,205,217
976,pedestrian,190,196,196,219
979,motorized_vehicle,0,171,62,232
980,motorized_vehicle,38,88,112,114
981,non-motorized_vehicle,101,43,225,91
983,motorized_vehicle,95,76,115,87
986,motorized_vehicle,622,428,719,478
990,bicycle,176,365,294,479
990,bicycle,347,155,396,266
991,motorized_vehicle,21,136,54,161
994,motorized_vehicle,694,144,712,172
995,motorized_vehicle,317,191,337,227
995,motorized_vehicle,324,132,337,169
995,work_van,293,39,316,50
995,motorized_vehicle,322,73,337,91
996,motorized_vehicle,0,60,7,72
999,work_van,231,46,292,78
1002,work_van,317,31,396,64
1002,work_van,263,17,345,47
1004,motorized_vehicle,23,27,55,42
1004,work_van,145,73,287,167
1007,motorized_vehicle,2,40,26,60
1008,motorized_vehicle,552,8,581,22
1008,motorized_vehicle,678,92,715,148
1008,motorized_vehicle,488,14,514,25
1012,motorcycle,505,166,549,218
1016,work_van,74,43,112,71
1019,work_van,517,131,717,268
1020,bicycle,341,146,394,242
1020,bicycle,412,142,451,238
1022,motorized_vehicle,638,56,661,66
1027,work_van,558,66,715,159
1029,motorized_vehicle,558,81,578,102
1039,motorized_vehicle,606,47,633,59
1039,motorized_vehicle,243,71,277,88
1040,bicycle,384,152,423,255
1040,pedestrian,503,62,509,82
1040,bicycle,222,370,301,479
1040,pedestrian,487,60,497,86
1043,motorized_vehicle,681,258,718,291
1049,motorcycle,264,115,274,134
1052,pedestrian,91,14,99,25
1052,pedestrian,97,12,105,25
1052,motorized_vehicle,3,86,12,106
1053,motorized_vehicle,580,310,713,469
1057,motorized_vehicle,415,140,644,306
1058,motorized_vehicle,426,0,455,15
1062,motorized_vehicle,308,66,340,90
1065,motorized_vehicle,527,150,562,174
1070,bicycle,565,169,585,223
1071,motorized_vehicle,0,422,50,477
1074,work_van,204,57,309,121
1075,motorized_vehicle,686,147,712,179
1077,work_van,46,26,63,37
1079,motorized_vehicle,313,45,335,64
1080,pedestrian,565,145,582,170
1084,motorized_vehicle,1,71,13,99
1088,work_van,4,114,219,226
1091,motorized_vehicle,2,70,27,93
1091,motorized_vehicle,38,27,54,40
1098,work_van,377,93,459,139
1102,motorized_vehicle,420,94,435,108
1104,motorized_vehicle,548,105,566,120
1104,non-motorized_vehicle,0,212,233,386
1107,motorized_vehicle,1,34,29,55
1109,motorized_vehicle,0,58,15,71
1110,work_van,525,134,715,398
1114,motorized_vehicle,270,53,280,60
1115,motorized_vehicle,0,131,196,227
1117,motorized_vehicle,0,278,99,391
1123,motorized_vehicle,237,82,266,108
1126,motorized_vehicle,280,139,332,154
1127,motorized_vehicle,176,139,203,151
1132,motorized_vehicle,630,197,713,254
1133,motorized_vehicle,1,129,46,185
1134,bicycle,318,99,350,148
1135,motorized_vehicle,37,33,48,38
1135,motorized_vehicle,94,35,123,48
1136,motorized_vehicle,685,68,712,85
1136,motorized_vehicle,634,55,664,78
1139,pedestrian,368,140,401,204
1139,work_van,170,65,301,160
1139,pedestrian,504,128,527,168
1140,work_van,569,153,636,186
1140,pedestrian,57,202,69,224
1140,motorcycle,207,348,254,422
1140,motorized_vehicle,681,296,719,361
1140,pedestrian,71,204,85,224
1144,motorized_vehicle,244,93,308,121
1155,motorized_vehicle,123,112,143,129
1164,motorized_vehicle,1,66,25,84
1166,work_van,101,76,134,98
1171,motorized_vehicle,315,67,338,92
1176,work_van,0,97,90,142
1179,motorized_vehicle,693,138,712,175
1179,pedestrian,661,139,667,157
1181,work_van,31,131,169,196
1184,work_van,51,155,82,170
1186,motorized_vehicle,380,15,410,31
1188,motorized_vehicle,0,104,14,131
1190,motorized_vehicle,53,167,97,194
1190,pedestrian,219,140,230,160
1196,work_van,389,126,484,209
1203,motorized_vehicle,2,66,40,85
1204,pedestrian,182,388,280,466
1208,motorized_vehicle,1,109,42,172
1208,motorized_vehicle,618,81,715,324
1213,motorized_vehicle,695,10,718,37
1217,work_van,60,96,112,138
1217,motorized_vehicle,77,75,114,95
1219,work_van,56,28,76,38
1219,motorized_vehicle,22,27,41,36
1220,motorized_vehicle,1,45,26,66
1222,work_van,106,197,315,334
1226,motorized_vehicle,50,117,79,144
1227,motorized_vehicle,82,123,111,148
1229,bicycle,266,143,311,225
1229,pedestrian,509,59,519,82
1229,pedestrian,522,260,570,370
1232,motorized_vehicle,0,63,23,97
1242,motorized_vehicle,519,71,541,93
1242,pedestrian,573,318,629,394
1246,work_van,423,77,497,127
1256,work_van,38,51,86,75
1259,motorized_vehicle,139,0,173,12
1259,motorized_vehicle,555,12,583,30
1260,work_van,213,73,337,142
1261,work_van,160,23,193,34
1262,work_van,158,45,212,79
1265,motorized_vehicle,675,206,712,238
1269,motorized_vehicle,475,16,491,24
1269,motorized_vehicle,341,40,371,55
1270,work_van,385,141,543,235
1272,motorized_vehicle,0,40,25,56
1275,motorized_vehicle,578,285,719,477
1277,motorized_vehicle,75,173,107,234
1284,motorized_vehicle,440,148,529,192
1285,pedestrian,444,50,454,71
1285,pedestrian,537,45,547,62
1285,pedestrian,204,57,218,85
1289,pedestrian,337,190,354,222
1289,motorized_vehicle,687,292,718,358
1289,motorcycle,158,358,208,441
1290,motorized_vehicle,551,98,576,114
1297,motorized_vehicle,5,183,58,219
1299,motorized_vehicle,662,292,716,371
1299,pedestrian,392,156,403,174
1301,motorized_vehicle,556,190,715,394
1304,motorized_vehicle,630,8,715,66
1309,motorized_vehicle,386,11,435,30
1323,work_van,44,32,59,42
1326,bicycle,263,173,304,257
1326,work_van,420,3,495,31
1327,motorized_vehicle,162,463,236,479
1333,motorized_vehicle,0,54,25,76
1338,motorized_vehicle,368,28,402,58
1338,motorcycle,633,218,681,289
1340,work_van,236,25,367,111
1341,motorized_vehicle,2,66,34,161
1348,pedestrian,38,105,50,134
1352,motorized_vehicle,527,344,713,479
1353,motorized_vehicle,48,88,116,121
1353,motorized_vehicle,111,109,198,154
1355,motorized_vehicle,204,72,225,91
1357,bicycle,366,136,408,240
1357,pedestrian,526,72,541,105
1357,pedestrian,515,62,520,79
1357,pedestrian,542,71,557,105
1361,motorized_vehicle,582,1,642,24
1363,motorized_vehicle,306,45,337,64
1364,motorized_vehicle,512,63,531,87
1365,motorized_vehicle,701,200,717,225
1370,work_van,74,48,108,71
1373,motorized_vehicle,243,25,304,44
1375,motorized_vehicle,396,37,437,66
1376,motorized_vehicle,619,152,656,179
1383,non-motorized_vehicle,305,154,372,185
1388,motorcycle,121,97,138,132
1388,motorcycle,122,96,141,127
1391,motorized_vehicle,1,179,222,330
1392,motorized_vehicle,44,66,75,92
1393,motorized_vehicle,50,118,70,141
1395,work_van,0,193,164,329
1404,motorized_vehicle,1,124,17,148
1405,pedestrian,91,288,123,348
1405,pedestrian,271,413,321,478
1405,pedestrian,121,278,152,344
1410,motorized_vehicle,326,119,341,153
1411,motorized_vehicle,676,129,713,152
1411,motorized_vehicle,604,46,633,63
1427,motorized_vehicle,525,150,569,174
1427,pedestrian,626,187,646,222
1431,pedestrian,120,70,133,97
1431,motorized_vehicle,681,248,713,301
1435,work_van,75,46,113,70
1439,non-motorized_vehicle,2,0,125,69
1444,motorized_vehicle,591,62,615,86
1445,motorized_vehicle,155,30,199,60
1447,motorized_vehicle,685,62,700,76
1447,motorized_vehicle,602,47,626,59
1447,motorized_vehicle,640,53,661,69
1447,motorized_vehicle,701,70,710,82
1449,pedestrian,221,99,234,128
1449,pedestrian,235,99,243,126
1453,motorized_vehicle,637,142,712,187
1455,motorized_vehicle,546,101,581,130
1455,motorized_vehicle,65,170,279,265
1456,motorized_vehicle,347,49,364,60
1457,non-motorized_vehicle,4,181,125,315
1460,non-motorized_vehicle,2,236,461,479
1460,bicycle,610,100,615,124
1472,motorized_vehicle,1,86,12,108
1472,motorized_vehicle,1,48,37,77
1472,bicycle,454,2,468,33
1472,pedestrian,271,106,299,179
1472,pedestrian,216,120,254,196
1472,motorcycle,391,57,461,110
1475,motorized_vehicle,315,77,337,107
1476,pedestrian,386,206,399,260
1476,work_van,468,107,523,127
1476,motorized_vehicle,3,253,47,347
1476,pedestrian,578,273,604,339
1476,pedestrian,100,184,112,217
1476,pedestrian,80,186,94,222
1476,motorized_vehicle,426,88,453,105
1476,pedestrian,408,219,420,268
1476,pedestrian,543,226,563,273
1476,pedestrian,554,295,586,370
1479,motorized_vehicle,354,102,376,115
1479,motorized_vehicle,413,97,433,108
1483,work_van,232,82,270,119
1487,motorized_vehicle,672,239,719,304
1487,work_van,78,44,111,71
1488,pedestrian,528,166,549,202
1491,motorized_vehicle,687,230,716,282
1491,motorized_vehicle,1,142,35,179
1493,motorized_vehicle,354,26,386,43
1493,motorized_vehicle,559,0,639,8
1493,non-motorized_vehicle,619,20,715,75
1495,motorized_vehicle,391,60,450,94
1495,non-motorized_vehicle,0,64,60,103
1495,motorized_vehicle,640,110,663,129
1497,motorized_vehicle,203,457,270,479
1501,motorized_vehicle,48,35,62,45
1502,bicycle,392,21,417,81
1502,pedestrian,588,54,614,97
1502,bicycle,343,21,373,75
1503,work_van,192,22,239,35
1507,work_van,520,185,717,327
1509,work_van,593,178,713,234
1511,motorized_vehicle,107,107,232,155
1518,work_van,471,185,582,401
1520,pedestrian,635,229,655,268
1520,pedestrian,653,230,668,259
1520,motorized_vehicle,678,252,717,324
1520,motorized_vehicle,1,127,31,161
1520,motorized_vehicle,667,224,719,268
1520,pedestrian,633,264,653,298
1520,pedestrian,604,226,621,270
1521,pedestrian,635,168,647,205
1522,non-motorized_vehicle,0,52,262,227
1530,motorized_vehicle,173,90,212,127
1531,motorized_vehicle,586,134,709,270
1533,pedestrian,163,197,177,227
1533,pedestrian,186,194,204,218
1533,pedestrian,199,197,207,214
1537,motorized_vehicle,389,47,411,62
1540,work_van,164,233,629,476
1544,pedestrian,157,243,179,297
1544,motorized_vehicle,356,141,373,155
1544,motorized_vehicle,363,156,378,173
1546,motorized_vehicle,203,71,226,92
1546,pedestrian,225,243,269,315
1548,motorized_vehicle,398,33,413,42
1548,motorized_vehicle,591,1,715,24
1548,motorized_vehicle,413,38,436,50
1550,motorized_vehicle,296,91,338,130
1551,non-motorized_vehicle,365,38,424,103
1551,motorized_vehicle,257,47,271,59
1556,motorized_vehicle,670,232,714,354
1562,motorized_vehicle,498,228,710,396
1564,motorized_vehicle,56,48,126,80
1565,bicycle,63,320,96,384
1565,pedestrian,182,283,213,352
1565,work_van,519,216,632,309
1565,pedestrian,81,209,100,244
1565,pedestrian,321,419,350,478
1570,pedestrian,356,199,374,233
1570,pedestrian,21,223,46,268
1570,pedestrian,79,200,101,248
1570,pedestrian,350,218,376,273
1570,pedestrian,305,235,345,289
1570,motorcycle,146,170,187,213
1570,pedestrian,13,231,32,267
1571,motorized_vehicle,188,8,236,38
1572,work_van,172,187,425,445
1573,motorized_vehicle,646,85,682,98
1574,work_van,414,35,454,60
1574,non-motorized_vehicle,430,58,461,76
1576,motorized_vehicle,683,145,712,164
1576,motorized_vehicle,434,99,459,113
1578,non-motorized_vehicle,509,83,568,118
1578,motorized_vehicle,565,83,581,106
1582,work_van,13,188,357,430
1586,motorized_vehicle,267,102,299,121
1587,work_van,490,116,566,177
1588,motorized_vehicle,555,87,570,96
1590,motorized_vehicle,1,152,34,197
1590,motorized_vehicle,646,325,698,390
1595,motorized_vehicle,268,106,294,123
1597,bicycle,358,113,394,165
1597,work_van,165,184,397,433
1599,work_van,426,78,652,219
1600,motorized_vehicle,671,95,715,159
1602,motorized_vehicle,3,261,51,338
1603,non-motorized_vehicle,593,1,718,53
1604,pedestrian,316,88,325,107
1605,work_van,104,34,140,54
1606,work_van,215,65,313,126
1609,motorized_vehicle,132,101,194,143
1611,motorcycle,493,421,576,479
1620,pedestrian,245,230,283,311
1624,work_van,213,88,338,152
1629,pedestrian,311,77,319,89
1631,motorized_vehicle,155,105,173,120
1632,motorized_vehicle,409,7,462,30
1636,pedestrian,91,211,130,279
1639,motorized_vehicle,184,73,287,158
1657,work_van,176,50,252,90
1663,motorized_vehicle,0,66,12,86
1664,motorized_vehicle,1,114,15,150
1669,motorized_vehicle,658,0,715,14
1669,non-motorized_vehicle,673,26,715,84
1670,work_van,72,44,114,72
1679,work_van,421,1,498,28
1688,work_van,101,85,245,158
1692,motorized_vehicle,1,431,75,478
1693,motorized_vehicle,296,119,339,161
1694,motorized_vehicle,209,62,237,75
1694,motorized_vehicle,162,73,182,81
1699,motorized_vehicle,424,80,473,127
1703,work_van,95,179,300,287
1703,motorized_vehicle,23,387,93,447
1709,pedestrian,595,365,666,425
1709,pedestrian,586,454,634,478
1710,motorized_vehicle,630,181,682,225
1716,non-motorized_vehicle,87,23,174,103
1719,motorized_vehicle,301,0,346,38
1724,motorized_vehicle,209,67,231,90
1728,motorized_vehicle,640,250,714,372
1731,work_van,525,88,550,105
1732,motorized_vehicle,316,45,339,66
1736,motorized_vehicle,0,157,40,227
1736,motorcycle,579,208,684,290
1742,non-motorized_vehicle,1,176,151,386
1742,work_van,135,169,241,238
1747,non-motorized_vehicle,0,153,228,366
1750,motorized_vehicle,3,152,23,181
1751,non-motorized_vehicle,208,272,546,420
1752,motorized_vehicle,668,292,716,372
1752,motorcycle,216,260,253,305
1753,work_van,495,252,638,387
1753,pedestrian,576,152,582,178
1753,pedestrian,595,159,601,178
1753,pedestrian,567,152,569,176
1760,work_van,222,86,301,118
1764,motorized_vehicle,68,70,114,97
1765,motorized_vehicle,270,77,296,96
1772,work_van,100,250,296,402
1774,motorized_vehicle,307,75,338,102
1776,pedestrian,194,56,205,74
1778,pedestrian,0,370,38,433
1778,pedestrian,81,350,121,415
1779,motorized_vehicle,313,121,339,154
1780,motorized_vehicle,322,68,337,98
1784,motorized_vehicle,327,69,338,78
1787,motorized_vehicle,410,142,459,176
1788,bicycle,390,203,417,276
1789,work_van,83,196,277,321
1791,work_van,583,113,718,279
1791,pedestrian,243,399,337,479
1791,motorcycle,364,46,453,95
1795,motorized_vehicle,104,188,152,210
1801,motorized_vehicle,0,66,10,84
1801,work_van,16,32,67,62
1807,motorized_vehicle,675,8,710,35
1809,work_van,167,155,435,287
1814,motorized_vehicle,1,127,31,148
1818,pedestrian,214,51,223,74
1818,pedestrian,206,52,213,76
1820,motorized_vehicle,696,272,714,303
1827,motorized_vehicle,302,94,338,125
1828,bicycle,357,136,394,236
1828,pedestrian,564,87,580,132
1832,motorized_vehicle,540,82,561,97
1834,motorized_vehicle,606,224,713,306
1836,motorized_vehicle,638,236,711,304
1836,work_van,76,43,111,70
1837,motorized_vehicle,63,126,87,147
1838,motorized_vehicle,7,132,30,165
1844,motorized_vehicle,685,109,714,136
1845,motorized_vehicle,23,35,35,42
1847,pedestrian,370,175,383,203
1848,motorized_vehicle,480,299,714,478
1850,work_van,307,212,496,461
1851,motorcycle,304,180,320,210
1858,non-motorized_vehicle,1,70,196,175
1867,motorized_vehicle,0,63,31,89
1869,non-motorized_vehicle,122,28,156,57
1877,work_van,508,161,718,305
1879,non-motorized_vehicle,116,91,133,108
1885,motorcycle,478,396,566,479
1900,motorized_vehicle,677,269,706,287
1900,motorized_vehicle,548,199,600,235
1906,non-motorized_vehicle,443,120,488,148
1910,pedestrian,697,272,711,329
1910,motorized_vehicle,686,129,711,169
1911,motorized_vehicle,590,4,630,22
1912,motorized_vehicle,311,44,337,59
1915,pedestrian,44,217,65,259
1915,pedestrian,12,232,28,259
1915,pedestrian,453,203,472,260
1915,pedestrian,430,217,451,271
1915,pedestrian,64,209,79,243
1915,pedestrian,678,234,704,283
1920,motorized_vehicle,0,73,24,91
1926,bicycle,348,70,366,108
1930,pedestrian,647,139,652,160
1939,work_van,589,84,615,94
1946,motorized_vehicle,335,39,347,51
1947,motorized_vehicle,607,298,716,441
1951,motorized_vehicle,641,376,719,451
1954,non-motorized_vehicle,200,63,586,152
1954,motorized_vehicle,2,121,65,187
1957,motorized_vehicle,658,221,711,257
1958,motorized_vehicle,0,57,14,72
1958,motorized_vehicle,82,24,104,34
1962,motorized_vehicle,317,196,336,226
1962,motorized_vehicle,321,73,338,88
1962,motorized_vehicle,326,133,338,161
1963,motorized_vehicle,374,68,398,86
1965,motorized_vehicle,1,128,105,208
1966,motorized_vehicle,51,119,71,142
1968,motorized_vehicle,114,0,162,17
1972,motorized_vehicle,1,157,18,182
1973,work_van,1,39,39,79
1985,pedestrian,331,416,415,471
1991,motorized_vehicle,448,30,472,43
1991,motorized_vehicle,478,43,500,58
1991,work_van,288,56,347,90
1991,motorized_vehicle,520,40,536,56
1992,pedestrian,556,362,596,431
1993,pedestrian,25,355,108,432
1993,pedestrian,0,405,70,465
1996,motorcycle,458,123,476,148
1997,motorized_vehicle,0,426,92,479
1997,work_van,431,47,463,76
1999,work_van,631,191,694,254
2004,work_van,127,90,208,146
2011,motorized_vehicle,605,72,620,91
2011,motorized_vehicle,515,53,530,70
2012,motorized_vehicle,10,70,40,88
2015,pedestrian,553,362,715,479
2016,motorized_vehicle,671,129,712,155
2018,motorized_vehicle,324,55,341,80
2021,motorized_vehicle,272,98,340,148
2022,motorcycle,269,248,304,298
2022,pedestrian,185,197,192,217
2022,motorized_vehicle,667,290,718,372
2022,motorcycle,191,275,226,326
2022,pedestrian,199,194,209,214
2022,pedestrian,176,200,187,223
2022,pedestrian,170,203,178,222
2032,bicycle,356,195,394,279
2034,motorized_vehicle,238,92,257,103
2034,work_van,563,188,642,228
2035,pedestrian,548,67,557,93
2035,pedestrian,556,66,571,95
2037,work_van,350,248,691,477
2048,motorized_vehicle,622,318,712,441
2049,work_van,432,92,454,109
2049,non-motorized_vehicle,259,155,301,190
2050,motorized_vehicle,0,127,129,219
2052,motorcycle,263,208,280,245
2052,motorcycle,304,209,322,237
2053,motorized_vehicle,341,83,355,95
2054,work_van,75,47,115,70
2055,pedestrian,190,64,201,90
2055,motorized_vehicle,0,157,27,193
2055,pedestrian,105,93,119,131
2055,bicycle,384,21,387,39
2057,pedestrian,333,72,369,140
2061,work_van,40,156,103,217
2061,work_van,12,116,46,158
2061,motorized_vehicle,12,92,39,116
2062,motorized_vehicle,227,36,383,133
2068,motorized_vehicle,462,12,499,30
2070,motorized_vehicle,669,231,715,355
2070,work_van,305,185,408,311
2071,work_van,86,39,128,58
2073,work_van,76,43,111,68
2074,motorized_vehicle,290,92,337,146
2081,motorized_vehicle,691,130,715,149
2083,pedestrian,323,234,356,293
2084,motorized_vehicle,3,253,55,346
2085,motorized_vehicle,69,26,84,37
2085,motorized_vehicle,298,39,331,57
2093,motorized_vehicle,1,252,14,297
2097,motorized_vehicle,282,0,329,21
2101,work_van,76,44,104,71
2103,motorized_vehicle,0,289,30,370
2107,motorcycle,247,34,270,57
2109,motorcycle,335,134,356,170
2111,motorized_vehicle,232,86,248,98
2111,motorized_vehicle,595,312,708,433
2111,pedestrian,23,324,56,390
2111,pedestrian,48,311,82,376
2116,motorized_vehicle,282,58,298,66
2118,motorized_vehicle,460,72,515,114
2120,motorized_vehicle,0,90,21,123
2123,motorized_vehicle,300,121,341,146
2128,motorized_vehicle,686,129,711,157
2129,motorized_vehicle,8,37,43,56
2129,motorized_vehicle,631,410,714,478
2132,work_van,130,89,211,142
2134,work_van,267,13,340,54
2134,work_van,313,30,394,69
2138,motorized_vehicle,614,224,712,305
2140,motorized_vehicle,1,46,30,75
2141,work_van,232,227,500,478
2145,motorized_vehicle,689,146,718,174
2146,motorized_vehicle,614,96,710,125
2146,motorized_vehicle,692,141,710,175
2149,motorcycle,643,79,671,101
2163,motorized_vehicle,678,138,712,177
2164,motorized_vehicle,2,189,45,216
2165,work_van,88,256,244,407
2165,motorized_vehicle,0,129,30,150
2169,motorized_vehicle,251,85,283,112
2169,motorized_vehicle,607,263,718,429
2169,work_van,246,129,321,178
2171,motorized_vehicle,666,304,717,375
2171,pedestrian,201,195,211,214
2171,motorized_vehicle,531,154,565,174
2171,motorized_vehicle,563,160,596,181
2171,pedestrian,162,197,176,223
2171,pedestrian,186,201,195,223
2181,pedestrian,398,64,412,109
2193,non-motorized_vehicle,318,51,475,98
2197,motorized_vehicle,48,135,171,220
2202,motorized_vehicle,366,413,605,479
2202,work_van,74,45,116,70
2203,work_van,78,46,111,70
2206,motorized_vehicle,319,111,339,126
2207,motorized_vehicle,77,106,194,195
2213,work_van,441,96,713,254
2213,non-motorized_vehicle,186,102,436,239
2215,bicycle,541,56,617,126
2216,pedestrian,576,330,623,388
2220,motorized_vehicle,424,69,460,83
2225,motorized_vehicle,2,232,59,285
2225,motorized_vehicle,262,99,288,109
2226,motorized_vehicle,293,57,322,78
2226,motorized_vehicle,229,78,286,127
2229,pedestrian,34,69,40,87
2229,work_van,262,213,520,470
2231,motorcycle,214,224,297,349
2236,motorized_vehicle,2,346,52,457
2236,work_van,574,72,598,100
2237,work_van,216,68,296,117
2241,work_van,341,143,387,180
2241,work_van,650,140,710,169
2243,motorized_vehicle,261,48,303,82
2243,motorized_vehicle,298,42,325,67
2244,work_van,373,134,412,158
2250,motorized_vehicle,3,127,36,148
2250,motorized_vehicle,38,121,77,148
2251,motorized_vehicle,43,28,54,35
2252,motorized_vehicle,317,192,338,227
2252,motorized_vehicle,324,134,338,168
2252,motorized_vehicle,321,74,338,93
2256,motorized_vehicle,76,206,106,221
2256,motorized_vehicle,512,148,542,171
2256,motorized_vehicle,686,306,718,371
2256,motorized_vehicle,345,162,392,191
2256,motorized_vehicle,65,199,83,218
2256,work_van,158,162,243,201
2257,motorized_vehicle,476,96,501,116
2257,bicycle,521,276,552,355
2259,motorized_vehicle,6,128,31,153
2263,motorized_vehicle,0,168,92,241
2269,motorized_vehicle,0,134,25,168
2272,motorized_vehicle,675,33,711,80
2276,motorized_vehicle,0,108,40,138
2280,work_van,604,307,715,439
2281,pedestrian,353,83,371,117
2286,motorized_vehicle,14,44,37,65
2292,motorized_vehicle,683,26,717,66
2294,work_van,123,44,247,96
2295,work_van,22,49,65,96
2297,work_van,95,11,174,60
2300,non-motorized_vehicle,12,135,34,153
2301,motorized_vehicle,323,104,340,137
2304,motorized_vehicle,273,33,299,44
2304,non-motorized_vehicle,164,26,183,33
2305,motorized_vehicle,0,53,15,64
2306,pedestrian,561,325,621,409
2308,work_van,0,258,270,399
2308,motorized_vehicle,692,95,714,155
2314,work_van,481,77,718,208
2318,motorized_vehicle,614,27,644,51
2322,work_van,74,46,116,72
2325,work_van,167,60,279,118
2334,work_van,230,63,263,90
2334,motorcycle,580,293,653,401
2336,pedestrian,249,186,272,248
2336,motorized_vehicle,1,52,357,287
2336,pedestrian,169,154,188,200
2336,pedestrian,314,253,361,339
2336,pedestrian,280,126,293,161
2341,work_van,300,111,341,130
2343,work_van,25,86,159,155
2346,motorized_vehicle,362,74,383,91
2348,motorized_vehicle,286,3,322,14
2352,pedestrian,186,381,234,433
2352,pedestrian,337,347,399,451
2352,pedestrian,189,433,246,477
2354,work_van,310,172,649,352
2355,pedestrian,634,153,644,188
2359,pedestrian,412,99,425,138
2369,motorized_vehicle,0,58,28,77
2370,motorcycle,525,100,543,126
2372,work_van,267,221,414,313
2375,work_van,131,86,204,135
2381,motorized_vehicle,444,8,503,35
2381,motorized_vehicle,218,25,298,90
2384,motorized_vehicle,629,140,716,290
2386,motorized_vehicle,247,101,716,412
2386,motorized_vehicle,145,71,176,84
2387,pedestrian,175,94,182,113
2389,work_van,2,136,248,290
2392,motorized_vehicle,445,117,478,140
2393,work_van,73,44,115,70
2394,motorized_vehicle,3,81,39,113
2402,work_van,591,81,611,94
2404,work_van,320,173,547,373
2405,motorized_vehicle,59,119,80,135
2405,motorized_vehicle,329,93,345,111
2405,motorized_vehicle,322,83,341,94
2405,motorized_vehicle,375,86,423,114
2405,motorized_vehicle,4,123,33,145
2407,work_van,569,152,635,190
2407,motorized_vehicle,686,279,718,363
2412,motorized_vehicle,7,169,26,198
2417,non-motorized_vehicle,404,3,425,12
2417,motorized_vehicle,362,16,388,31
2419,motorized_vehicle,15,32,47,55
2430,non-motorized_vehicle,65,214,200,277
2441,work_van,557,42,612,71
2442,motorized_vehicle,553,2,588,25
2442,motorized_vehicle,122,0,158,14
2443,motorized_vehicle,0,215,92,344
2446,work_van,546,123,715,254
2446,motorized_vehicle,681,2,717,28
2448,motorized_vehicle,304,107,338,146
2448,motorized_vehicle,301,105,340,143
2453,motorized_vehicle,544,131,717,340
2459,motorized_vehicle,108,26,131,36
2459,motorized_vehicle,0,52,15,63
2460,work_van,10,113,46,155
2461,motorized_vehicle,3,118,29,144
2467,pedestrian,63,376,117,455
2467,pedestrian,507,154,519,185
2467,pedestrian,0,313,24,349
2468,motorized_vehicle,324,134,337,165
2468,motorized_vehicle,318,194,337,227
2473,motorized_vehicle,2,107,20,151
2474,motorized_vehicle,691,144,710,179
2481,work_van,10,114,46,155
2481,motorized_vehicle,101,95,308,233
2481,motorized_vehicle,650,158,713,325
2495,work_van,22,47,50,62
2499,motorized_vehicle,632,241,718,394
2501,motorized_vehicle,0,124,33,157
2503,non-motorized_vehicle,296,138,358,163
2510,motorized_vehicle,2,113,38,142
2511,non-motorized_vehicle,0,208,102,379
2525,motorized_vehicle,31,36,49,50
2532,bicycle,22,173,69,224
2532,motorcycle,345,144,386,203
2537,bicycle,171,160,193,210
2537,work_van,24,94,77,131
2537,bicycle,175,127,190,162
2547,motorized_vehicle,0,219,158,321
2549,motorized_vehicle,276,130,308,168
2549,motorized_vehicle,661,342,716,444
2553,motorized_vehicle,282,38,325,51
2553,non-motorized_vehicle,65,51,133,82
2561,motorized_vehicle,378,72,641,299
2562,non-motorized_vehicle,359,141,434,201
2564,work_van,225,137,271,157
2568,motorized_vehicle,306,102,339,144
2572,work_van,75,44,111,67
2594,bicycle,44,156,84,205
2594,pedestrian,244,276,308,376
2598,pedestrian,557,49,570,70
2598,pedestrian,580,47,586,70
2602,motorized_vehicle,691,139,714,177
2607,motorized_vehicle,3,98,29,127
2610,motorized_vehicle,414,82,430,98
2611,bicycle,236,124,255,164
2614,motorized_vehicle,318,194,338,227
2614,motorized_vehicle,323,134,338,165
2614,motorized_vehicle,321,74,338,91
2618,motorized_vehicle,192,94,220,111
2619,bicycle,383,139,439,244
2619,bicycle,207,296,311,479
2619,pedestrian,525,58,534,85
2619,pedestrian,512,58,524,83
2620,work_van,204,77,281,121
2626,work_van,73,42,115,71
2630,motorized_vehicle,160,116,228,145
2644,motorized_vehicle,0,381,59,477
2647,motorized_vehicle,0,50,34,73
2653,motorized_vehicle,440,10,496,32
2658,motorized_vehicle,42,119,56,138
2660,motorized_vehicle,438,267,669,376
2661,work_van,231,219,360,302
2663,motorized_vehicle,1,184,25,234
2666,work_van,127,86,202,125
2667,motorized_vehicle,273,100,338,157
2668,pedestrian,301,31,308,41
2668,pedestrian,104,97,121,130
2668,pedestrian,301,54,310,78
2672,motorized_vehicle,0,56,12,71
2673,motorized_vehicle,533,94,550,104
2681,non-motorized_vehicle,647,105,698,155
2685,work_van,67,110,146,185
2686,motorized_vehicle,566,0,606,14
2687,motorized_vehicle,163,88,204,127
2689,motorized_vehicle,152,456,254,479
2690,motorized_vehicle,25,33,64,55
2694,motorized_vehicle,165,0,419,135
2698,motorized_vehicle,83,27,104,36
2698,work_van,37,71,96,111
2698,motorized_vehicle,25,28,44,39
2700,motorized_vehicle,398,245,562,314
2703,work_van,558,51,638,89
2713,motorized_vehicle,321,233,619,362
2716,motorized_vehicle,1,117,32,154
2716,work_van,75,43,112,69
2723,motorized_vehicle,670,229,711,357
2726,work_van,268,59,337,104
2726,work_van,113,38,165,60
2726,motorized_vehicle,20,46,34,53
2730,motorized_vehicle,641,264,715,346
2736,motorized_vehicle,115,49,175,72
2736,motorized_vehicle,118,35,145,49
2736,motorized_vehicle,35,29,47,39
2736,motorized_vehicle,53,28,74,40
2738,work_van,216,55,282,87
2740,pedestrian,376,148,397,207
2740,motorized_vehicle,1,328,19,381
2741,work_van,226,120,368,223
2746,motorized_vehicle,381,42,395,55
2750,motorized_vehicle,204,142,231,157
2750,motorized_vehicle,157,148,200,168
2750,motorized_vehicle,685,294,718,371
2751,motorized_vehicle,289,72,388,140
2752,work_van,106,50,355,235
2761,motorized_vehicle,690,295,718,361
2764,pedestrian,382,17,395,57
2764,pedestrian,225,234,265,321
2764,pedestrian,256,224,302,318
2765,work_van,88,149,360,332
2765,work_van,283,94,338,119
2766,motorized_vehicle,65,116,84,144
2766,motorized_vehicle,545,67,586,83
2769,pedestrian,550,356,591,433
2770,pedestrian,645,171,655,199
2777,motorized_vehicle,692,127,711,141
2780,motorized_vehicle,222,18,243,37
2797,work_van,98,51,139,72
2798,work_van,416,89,694,326
2801,work_van,76,46,121,71
2803,motorized_vehicle,693,140,713,186
2803,non-motorized_vehicle,1,216,65,361
2811,motorized_vehicle,625,129,709,211
2817,motorized_vehicle,74,125,134,158
2818,work_van,104,176,272,269
2827,motorized_vehicle,61,443,202,479
2831,work_van,539,134,710,287
2833,motorized_vehicle,493,90,506,97
2836,motorized_vehicle,666,56,694,70
2836,motorized_vehicle,684,67,711,82
2841,work_van,238,220,524,478
2841,pedestrian,40,65,49,91
2841,motorized_vehicle,52,60,74,93
2849,motorized_vehicle,192,229,314,320
2850,bicycle,51,382,185,478
2851,motorized_vehicle,151,16,247,108
2852,pedestrian,125,284,153,362
2853,motorized_vehicle,224,191,316,220
2856,work_van,125,62,206,97
2857,motorized_vehicle,0,67,14,89
2872,motorized_vehicle,314,96,337,133
2873,motorcycle,63,256,165,315
2875,motorcycle,215,93,246,123
2880,work_van,74,44,114,74
2880,motorized_vehicle,442,398,641,478
2880,motorized_vehicle,543,271,710,388
2884,motorized_vehicle,666,312,703,363
2884,motorized_vehicle,603,233,712,303
2884,work_van,76,45,114,74
2891,motorized_vehicle,7,43,18,53
2893,motorized_vehicle,683,65,694,77
2893,non-motorized_vehicle,0,103,25,129
2893,motorized_vehicle,701,70,709,81
2893,work_van,275,66,326,85
2893,motorized_vehicle,694,69,702,81
2894,motorized_vehicle,324,50,349,67
2898,motorized_vehicle,438,11,490,29
2898,work_van,620,168,715,395
2901,motorized_vehicle,20,27,48,43
2901,motorized_vehicle,311,75,339,105
2903,bicycle,324,36,375,93
2909,motorcycle,347,333,441,428
2911,motorized_vehicle,620,147,710,231
2915,motorized_vehicle,642,125,716,173
2916,motorized_vehicle,53,34,72,47
2921,work_van,180,92,234,116
2921,pedestrian,421,191,441,234
2924,work_van,196,61,288,110
2924,motorized_vehicle,174,26,206,37
2927,pedestrian,533,172,559,209
2927,motorized_vehicle,625,311,717,427
2929,motorized_vehicle,585,12,620,24
2929,motorized_vehicle,439,8,521,38
2932,motorized_vehicle,372,13,415,36
2936,motorized_vehicle,627,140,719,292
2937,motorized_vehicle,637,53,663,67
2937,motorized_vehicle,607,49,628,62
2940,motorized_vehicle,688,171,717,230
2941,motorized_vehicle,55,163,89,178
2951,bicycle,627,100,641,132
2951,pedestrian,614,97,626,131
2954,motorized_vehicle,315,7,327,19
2957,motorized_vehicle,0,116,17,143
2962,motorized_vehicle,39,122,89,152
2971,motorized_vehicle,529,80,542,91
2978,motorized_vehicle,1,258,102,382
2982,motorized_vehicle,642,53,661,68
2985,motorized_vehicle,265,109,282,123
2985,motorized_vehicle,282,116,300,128
2985,motorized_vehicle,199,114,213,128
2986,motorized_vehicle,269,43,301,55
2986,motorized_vehicle,119,21,145,30
2988,work_van,330,28,392,65
2989,work_van,655,81,713,160
2993,bicycle,435,80,456,133
2993,bicycle,366,121,403,224
2993,pedestrian,501,77,518,114
2997,pedestrian,471,172,493,212
2997,pedestrian,493,176,513,211
2997,pedestrian,513,180,524,214
3000,motorized_vehicle,248,203,335,227
3004,motorized_vehicle,689,273,715,358
3007,motorized_vehicle,0,64,41,103
3009,work_van,411,144,481,177
3009,work_van,111,132,361,319
3012,motorized_vehicle,630,141,711,298
3017,work_van,223,139,264,160
3020,bicycle,107,178,155,249
3022,pedestrian,534,68,547,94
3022,bicycle,425,145,454,208
3022,bicycle,437,121,457,158
3022,work_van,158,11,204,32
3024,non-motorized_vehicle,1,218,59,385
3025,motorized_vehicle,529,154,564,173
3025,motorized_vehicle,677,185,714,221
3025,motorized_vehicle,664,305,715,376
3027,motorized_vehicle,2,213,242,384
3033,work_van,570,101,587,115
3034,work_van,68,91,158,142
3037,motorized_vehicle,8,143,25,159
3041,motorized_vehicle,514,93,538,105
3042,motorized_vehicle,159,451,256,477
3042,work_van,207,178,277,232
3042,motorized_vehicle,685,293,717,367
3042,motorcycle,88,337,144,402
3044,work_van,63,23,82,33
3048,motorized_vehicle,525,95,549,110
3050,motorized_vehicle,298,39,338,61
3052,work_van,378,97,447,138
3053,non-motorized_vehicle,589,3,712,64
3059,motorized_vehicle,424,2,650,76
3060,motorized_vehicle,631,242,717,394
3066,motorized_vehicle,656,94,715,184
3072,motorized_vehicle,379,0,407,19
3074,pedestrian,32,266,67,322
3075,motorized_vehicle,28,168,53,190
3088,motorized_vehicle,690,144,710,177
3091,pedestrian,218,3,240,39
3095,work_van,96,48,129,61
3096,motorized_vehicle,176,3,214,27
3102,motorized_vehicle,570,102,588,116
3102,motorized_vehicle,525,99,544,116
3103,work_van,65,133,212,226
3112,work_van,367,108,457,181
3114,motorized_vehicle,211,2,289,26
3118,bicycle,411,198,507,284
3124,bicycle,536,57,612,126
3125,motorized_vehicle,667,232,711,354
3145,motorized_vehicle,44,44,71,56
3145,motorized_vehicle,1,53,18,63
3145,motorized_vehicle,1,73,14,90
3146,motorized_vehicle,475,54,716,248
3146,motorized_vehicle,2,105,197,264
3147,motorized_vehicle,265,145,428,208
3155,motorized_vehicle,5,42,36,55
3157,bicycle,276,121,318,227
3157,bicycle,306,121,335,171
3157,bicycle,253,116,293,187
3157,bicycle,107,224,171,323
3157,pedestrian,501,130,539,225
3157,pedestrian,545,125,583,221
3159,motorized_vehicle,423,160,468,189
3159,pedestrian,428,389,491,468
3159,pedestrian,119,254,140,306
3159,pedestrian,600,410,650,479
3161,motorized_vehicle,3,128,32,149
3162,non-motorized_vehicle,347,15,708,191
3173,bicycle,252,151,292,201
3178,motorized_vehicle,617,104,648,121
3182,motorized_vehicle,129,41,339,163
3203,motorized_vehicle,436,35,463,52
3203,bicycle,591,275,640,369
3204,work_van,68,155,107,175
3205,motorized_vehicle,596,99,716,203
3209,motorized_vehicle,405,8,437,25
3209,motorized_vehicle,391,16,412,27
3209,non-motorized_vehicle,586,23,717,123
3209,non-motorized_vehicle,365,25,391,42
3211,motorized_vehicle,31,33,40,39
3211,motorized_vehicle,162,25,203,37
3211,motorized_vehicle,1,52,13,62
3214,work_van,321,192,550,361
3222,motorized_vehicle,2,253,113,333
3223,motorized_vehicle,561,152,621,195
3224,motorized_vehicle,330,63,338,72
3225,work_van,502,18,546,40
3227,motorized_vehicle,3,300,196,479
3229,non-motorized_vehicle,445,42,482,84
3229,motorized_vehicle,435,56,445,67
3231,work_van,218,240,406,392
3236,work_van,499,122,545,160
3238,bicycle,349,129,382,198
3244,motorized_vehicle,549,75,590,115
3250,work_van,268,63,292,89
3253,work_van,80,43,115,71
3254,motorized_vehicle,0,335,96,479
3255,work_van,486,119,571,203
3257,motorized_vehicle,33,24,90,41
3258,work_van,390,138,561,232
3260,motorized_vehicle,568,87,595,104
3267,motorized_vehicle,0,50,20,70
3267,motorized_vehicle,32,28,64,46
3267,motorized_vehicle,2,71,28,104
3267,work_van,84,0,151,25
3269,work_van,255,161,434,339
3271,motorized_vehicle,155,109,176,125
3272,motorized_vehicle,367,35,379,44
3274,work_van,687,130,711,167
3286,motorcycle,644,260,707,329
3289,motorized_vehicle,656,441,718,479
3289,work_van,55,215,123,277
3303,motorized_vehicle,559,98,574,110
3306,work_van,392,61,654,196
3309,work_van,592,164,712,232
3310,work_van,2,187,76,280
3311,motorcycle,445,386,524,478
3312,motorized_vehicle,486,51,523,80
3318,work_van,415,166,593,310
3320,motorized_vehicle,384,18,401,29
3326,motorized_vehicle,624,97,719,166
3329,motorized_vehicle,1,129,30,169
3338,motorized_vehicle,372,36,401,56
3338,motorized_vehicle,450,65,493,87
3340,motorized_vehicle,307,42,337,67
3345,motorcycle,535,155,556,190
3345,motorcycle,253,296,352,380
3345,motorcycle,518,119,532,143
3346,motorized_vehicle,1,50,23,76
3347,motorized_vehicle,12,134,31,155
3347,motorized_vehicle,50,138,141,199
3347,motorized_vehicle,18,168,47,194
3353,work_van,64,132,208,227
3356,work_van,50,153,79,172
3358,motorized_vehicle,39,138,56,157
3359,motorcycle,336,217,373,291
3366,motorized_vehicle,2,292,71,408
3372,motorized_vehicle,22,65,36,70
3372,motorized_vehicle,323,177,339,222
3372,motorized_vehicle,262,38,268,43
3372,motorized_vehicle,248,39,254,43
3372,motorized_vehicle,8,49,20,61
3376,work_van,460,140,639,238
3377,motorized_vehicle,2,135,33,181
3377,motorized_vehicle,647,105,713,157
3379,motorized_vehicle,635,1,715,17
3385,motorized_vehicle,0,48,13,60
3387,motorcycle,186,191,254,257
3389,work_van,517,278,718,479
3389,motorized_vehicle,0,51,17,71
3389,motorized_vehicle,1,116,21,152
3391,bicycle,530,47,613,113
3396,work_van,27,80,68,111
3399,motorized_vehicle,604,49,641,60
3399,motorized_vehicle,640,57,656,65
3404,work_van,608,312,711,448
3407,motorcycle,189,121,228,192
3408,motorized_vehicle,0,43,42,62
3409,motorized_vehicle,0,60,16,71
3411,motorcycle,188,207,238,286
3413,work_van,513,109,627,222
3414,bicycle,219,338,256,415
3416,motorized_vehicle,0,115,16,142
3420,motorized_vehicle,209,210,271,227
3422,motorized_vehicle,0,252,128,348
3426,motorized_vehicle,2,347,17,388
3429,motorized_vehicle,35,185,272,284
3434,work_van,94,31,115,39
3439,motorized_vehicle,639,56,666,69
3444,motorized_vehicle,231,3,280,19
3445,pedestrian,503,114,523,155
3453,motorcycle,609,251,700,318
3455,motorized_vehicle,1,68,15,91
3459,motorized_vehicle,0,51,16,75
3459,motorized_vehicle,226,30,252,40
3459,work_van,104,77,243,145
3459,work_van,104,85,246,151
3462,motorized_vehicle,672,84,714,150
3465,motorized_vehicle,60,361,305,476
3467,non-motorized_vehicle,237,25,301,50
3472,work_van,656,168,713,246
3475,non-motorized_vehicle,481,93,717,324
3476,motorized_vehicle,209,21,236,30
3476,motorized_vehicle,197,28,226,37
3479,work_van,244,138,281,155
3482,non-motorized_vehicle,167,63,221,95
3483,motorized_vehicle,87,140,111,157
3491,motorized_vehicle,184,84,211,115
3496,work_van,267,33,295,46
3497,motorized_vehicle,522,89,540,105
3500,work_van,181,93,263,128
3505,work_van,422,398,549,479
3509,motorized_vehicle,124,0,169,15
3512,non-motorized_vehicle,1,201,270,389
3515,motorized_vehicle,114,21,141,32
3516,motorized_vehicle,310,79,337,104
3519,motorized_vehicle,0,62,16,83
3520,motorized_vehicle,517,0,610,17
3522,motorized_vehicle,1,120,29,157
3522,motorized_vehicle,160,15,183,26
3523,work_van,496,180,715,341
3526,motorized_vehicle,3,43,30,73
3528,motorized_vehicle,411,135,576,253
3530,motorized_vehicle,411,18,457,38
3530,motorized_vehicle,429,41,454,53
3530,motorized_vehicle,658,0,716,16
3530,motorized_vehicle,554,12,583,22
3531,motorized_vehicle,18,33,50,55
3535,non-motorized_vehicle,26,58,58,79
3536,motorized_vehicle,5,49,28,70
3536,motorized_vehicle,1,37,26,57
3538,motorized_vehicle,245,175,393,244
3539,bicycle,316,340,344,398
3540,motorized_vehicle,115,131,132,142
3540,motorized_vehicle,98,139,114,147
3541,motorized_vehicle,0,227,115,338
3542,work_van,40,67,128,119
3545,motorized_vehicle,388,48,415,68
3548,motorized_vehicle,303,104,338,129
3551,motorized_vehicle,688,96,710,118
3551,non-motorized_vehicle,606,126,645,169
3559,work_van,178,58,282,108
3562,motorized_vehicle,676,106,715,155
3565,work_van,261,125,527,261
3570,motorized_vehicle,2,47,34,75
3574,motorized_vehicle,310,90,458,168
3575,work_van,97,88,164,167
3589,pedestrian,169,199,177,223
3589,motorcycle,54,203,62,221
3589,pedestrian,158,206,168,226
3589,pedestrian,175,201,189,221
3589,pedestrian,203,194,213,217
3589,work_van,208,259,291,333
3591,bicycle,102,126,120,178
3601,bicycle,59,391,208,478
3603,pedestrian,560,331,596,411
3604,pedestrian,418,38,432,68
3604,bicycle,352,20,372,60
3607,motorized_vehicle,388,48,417,64
3608,work_van,310,101,371,144
3611,motorized_vehicle,621,162,715,235
3618,motorized_vehicle,467,38,485,56
3622,motorized_vehicle,291,140,338,211
3623,work_van,106,214,296,375
3623,motorized_vehicle,254,87,297,110
3633,motorized_vehicle,467,170,512,197
3633,motorized_vehicle,178,76,226,93
3633,work_van,667,263,712,289
3633,motorized_vehicle,63,47,99,64
3633,motorized_vehicle,137,67,169,84
3634,motorized_vehicle,168,93,199,118
3636,pedestrian,0,401,50,452
3636,pedestrian,1,354,96,416
